{
    "rmse": 70052.0607718623,
    "mae": 50656.4597868217,
    "r2": 0.625514530206267
}