{
    "rmse": 49477.03165967686,
    "mae": 32177.051324289405,
    "r2": 0.8131898741155724
}